,name,year,selling_price,km_driven,fuel,seller_type,transmission,owner,mileage,engine,max_power,torque,seats,Brand,Price,Body,Mileage,EngineV,Engine Type,Registration,Year,Model,car_ID,symboling,carCompany,fueltype,aspiration,doornumber,carbody,drivewheel,enginelocation,wheelbase,carlength,carwidth,carheight,curbweight,enginetype,cylindernumber,enginesize,fuelsystem,boreratio,stroke,compressionratio,horsepower,peakrpm,citympg,highwaympg,price
0,Maruti Swift Dzire VDI,2014,450000,145500,Diesel,Individual,Manual,First Owner,23.4 kmpl,1248 CC,74 bhp,190Nm@ 2000rpm,5,BMW,4200,sedan,277,2,Petrol,yes,1991,320,1,3,alfa-romero,gas,std,two,convertible,rwd,front,88.6,168.8,64.1,48.8,2548,dohc,four,130,mpfi,3.47,2.68,9,111,5000,21,27,13495
1,Skoda Rapid 1.5 TDI Ambition,2014,370000,120000,Diesel,Individual,Manual,Second Owner,21.14 kmpl,1498 CC,103.52 bhp,250Nm@ 1500-2500rpm,5,Mercedes-Benz,7900,van,427,2.9,Diesel,yes,1999,Sprinter 212,2,3,alfa-romero,gas,std,two,convertible,rwd,front,88.6,168.8,64.1,48.8,2548,dohc,four,130,mpfi,3.47,2.68,9,111,5000,21,27,16500
2,Honda City 2017-2020 EXi,2006,158000,140000,Petrol,Individual,Manual,Third Owner,17.7 kmpl,1497 CC,78 bhp,"12.7@ 2,700(kgm@ rpm)",5,Mercedes-Benz,13300,sedan,358,5,Gas,yes,2003,S 500,3,1,alfa-romero,gas,std,two,hatchback,rwd,front,94.5,171.2,65.5,52.4,2823,ohcv,six,152,mpfi,2.68,3.47,9,154,5000,19,26,16500
3,Hyundai i20 Sportz Diesel,2010,225000,127000,Diesel,Individual,Manual,First Owner,23.0 kmpl,1396 CC,90 bhp,22.4 kgm at 1750-2750rpm,5,Audi,23000,crossover,240,4.2,Petrol,yes,2007,Q7,4,2,audi,gas,std,four,sedan,fwd,front,99.8,176.6,66.2,54.3,2337,ohc,four,109,mpfi,3.19,3.4,10,102,5500,24,30,13950
4,Maruti Swift VXI BSIII,2007,130000,120000,Petrol,Individual,Manual,First Owner,16.1 kmpl,1298 CC,88.2 bhp,"11.5@ 4,500(kgm@ rpm)",5,Toyota,18300,crossover,120,2,Petrol,yes,2011,Rav 4,5,2,audi,gas,std,four,sedan,4wd,front,99.4,176.6,66.4,54.3,2824,ohc,five,136,mpfi,3.19,3.4,8,115,5500,18,22,17450
5,Hyundai Xcent 1.2 VTVT E Plus,2017,440000,45000,Petrol,Individual,Manual,First Owner,20.14 kmpl,1197 CC,81.86 bhp,113.75nm@ 4000rpm,5,Mercedes-Benz,199999,crossover,0,5.5,Petrol,yes,2016,GLS 63,6,2,audi,gas,std,two,sedan,fwd,front,99.8,177.3,66.3,53.1,2507,ohc,five,136,mpfi,3.19,3.4,8.5,110,5500,19,25,15250
6,Maruti Wagon R LXI DUO BSIII,2007,96000,175000,LPG,Individual,Manual,First Owner,17.3 km/kg,1061 CC,57.5 bhp,"7.8@ 4,500(kgm@ rpm)",5,BMW,6100,sedan,438,2,Gas,yes,1997,320,7,1,audi,gas,std,four,sedan,fwd,front,105.8,192.7,71.4,55.7,2844,ohc,five,136,mpfi,3.19,3.4,8.5,110,5500,19,25,17710
7,Maruti 800 DX BSII,2001,45000,5000,Petrol,Individual,Manual,Second Owner,16.1 kmpl,796 CC,37 bhp,59Nm@ 2500rpm,4,Audi,14200,vagon,200,2.7,Diesel,yes,2006,A6,8,1,audi,gas,std,four,wagon,fwd,front,105.8,192.7,71.4,55.7,2954,ohc,five,136,mpfi,3.19,3.4,8.5,110,5500,19,25,18920
8,Toyota Etios VXD,2011,350000,90000,Diesel,Individual,Manual,First Owner,23.59 kmpl,1364 CC,67.1 bhp,170Nm@ 1800-2400rpm,5,Renault,10799,vagon,193,1.5,Diesel,yes,2012,Megane,9,1,audi,gas,turbo,four,sedan,fwd,front,105.8,192.7,71.4,55.9,3086,ohc,five,131,mpfi,3.13,3.4,8.3,140,5500,17,20,23875
9,Ford Figo Diesel Celebration Edition,2013,200000,169000,Diesel,Individual,Manual,First Owner,20.0 kmpl,1399 CC,68.1 bhp,160Nm@ 2000rpm,5,Volkswagen,1400,other,212,1.8,Gas,no,1999,Golf IV,10,0,audi,gas,turbo,two,hatchback,4wd,front,99.5,178.2,67.9,52,3053,ohc,five,131,mpfi,3.13,3.4,7,160,5500,16,22,17859.167
10,Renault Duster 110PS Diesel RxL,2014,500000,68000,Diesel,Individual,Manual,Second Owner,19.01 kmpl,1461 CC,108.45 bhp,248Nm@ 2250rpm,5,Renault,11950,vagon,177,1.5,Diesel,yes,2011,Megane,11,2,bmw,gas,std,two,sedan,rwd,front,101.2,176.8,64.8,54.3,2395,ohc,four,108,mpfi,3.5,2.8,8.8,101,5800,23,29,16430
11,Maruti Zen LX,2005,92000,100000,Petrol,Individual,Manual,Second Owner,17.3 kmpl,993 CC,60 bhp,78Nm@ 4500rpm,5,Renault,2500,sedan,260,1.79,Petrol,yes,1994,19,12,0,bmw,gas,std,four,sedan,rwd,front,101.2,176.8,64.8,54.3,2395,ohc,four,108,mpfi,3.5,2.8,8.8,101,5800,23,29,16925
12,Maruti Swift Dzire VDi,2009,280000,140000,Diesel,Individual,Manual,Second Owner,19.3 kmpl,1248 CC,73.9 bhp,190Nm@ 2000rpm,5,Audi,9500,vagon,165,2.7,Gas,yes,2003,A6 Allroad,13,0,bmw,gas,std,two,sedan,rwd,front,101.2,176.8,64.8,54.3,2710,ohc,six,164,mpfi,3.31,3.19,9,121,4250,21,28,20970
13,Maruti Swift 1.3 VXi,2007,200000,80000,Petrol,Individual,Manual,Second Owner,,,,,,Volkswagen,10500,sedan,100,1.8,Petrol,yes,2008,Passat B6,14,0,bmw,gas,std,four,sedan,rwd,front,101.2,176.8,64.8,54.3,2765,ohc,six,164,mpfi,3.31,3.19,9,121,4250,21,28,21105
14,Maruti Wagon R LXI Minor,2009,180000,90000,Petrol,Individual,Manual,Second Owner,18.9 kmpl,1061 CC,67 bhp,84Nm@ 3500rpm,5,Toyota,16000,crossover,250,4.7,Gas,yes,2001,Land Cruiser 100,15,1,bmw,gas,std,four,sedan,rwd,front,103.5,189,66.9,55.7,3055,ohc,six,164,mpfi,3.31,3.19,9,121,4250,20,25,24565
15,Mahindra KUV 100 mFALCON G80 K8 5str,2016,400000,40000,Petrol,Individual,Manual,First Owner,18.15 kmpl,1198 CC,82 bhp,115Nm@ 3500-3600rpm,5,Renault,8600,hatch,84,1.5,Diesel,yes,2012,Clio,16,0,bmw,gas,std,four,sedan,rwd,front,103.5,189,66.9,55.7,3230,ohc,six,209,mpfi,3.62,3.39,8,182,5400,16,22,30760
16,Maruti Ertiga SHVS VDI,2016,778000,70000,Diesel,Individual,Manual,Second Owner,24.52 kmpl,1248 CC,88.5 bhp,200Nm@ 1750rpm,7,BMW,2990,other,203,2,Petrol,no,2001,318,17,0,bmw,gas,std,two,sedan,rwd,front,103.5,193.8,67.9,53.7,3380,ohc,six,209,mpfi,3.62,3.39,8,182,5400,16,22,41315
17,Hyundai i20 1.4 CRDi Asta,2012,500000,53000,Diesel,Individual,Manual,Second Owner,23.0 kmpl,1396 CC,90 bhp,22.4 kgm at 1750-2750rpm,5,Mercedes-Benz,,van,240,2.2,Diesel,yes,2007,Vito,18,0,bmw,gas,std,four,sedan,rwd,front,110,197,70.9,56.3,3505,ohc,six,209,mpfi,3.62,3.39,8,182,5400,15,20,36880
18,Maruti Alto LX,2002,150000,80000,Petrol,Individual,Manual,Second Owner,19.7 kmpl,796 CC,46.3 bhp,62Nm@ 3000rpm,5,Toyota,26500,crossover,21,2,Petrol,yes,2013,Rav 4,19,2,chevrolet,gas,std,two,hatchback,fwd,front,88.4,141.1,60.3,53.2,1488,l,three,61,2bbl,2.91,3.03,9.5,48,5100,47,53,5151
19,Hyundai i20 2015-2017 Asta 1.4 CRDi,2016,680000,100000,Diesel,Individual,Manual,First Owner,22.54 kmpl,1396 CC,88.73 bhp,219.7Nm@ 1500-2750rpm,5,Audi,3500,vagon,250,2.5,Diesel,no,1998,A6,20,1,chevrolet,gas,std,two,hatchback,fwd,front,94.5,155.9,63.6,52,1874,ohc,four,90,2bbl,3.03,3.11,9.6,70,5400,38,43,6295
20,Mahindra Verito 1.5 D4 BSIII,2011,174000,100000,Diesel,Individual,Manual,Second Owner,21.0 kmpl,1461 CC,64.1 bhp,160Nm@ 2000rpm,5,Toyota,38233,other,0,2.4,Diesel,yes,2016,Hilux,21,0,chevrolet,gas,std,four,sedan,fwd,front,94.5,158.8,63.6,52,1909,ohc,four,90,2bbl,3.03,3.11,9.6,70,5400,38,43,6575
21,Honda WR-V i-DTEC VX,2017,950000,50000,Diesel,Individual,Manual,First Owner,25.5 kmpl,1498 CC,98.6 bhp,200Nm@ 1750rpm,5,Volkswagen,7500,hatch,132,1.4,Diesel,yes,2006,Polo,22,1,dodge,gas,std,two,hatchback,fwd,front,93.7,157.3,63.8,50.8,1876,ohc,four,90,2bbl,2.97,3.23,9.41,68,5500,37,41,5572
22,Maruti Swift Dzire ZDI,2015,525000,40000,Diesel,Individual,Manual,First Owner,26.59 kmpl,1248 CC,74 bhp,190Nm@ 2000rpm,5,Audi,6800,sedan,225,2.4,Gas,yes,1998,A6,23,1,dodge,gas,std,two,hatchback,fwd,front,93.7,157.3,63.8,50.8,1876,ohc,four,90,2bbl,2.97,3.23,9.4,68,5500,31,38,6377
23,Maruti SX4 ZDI,2012,600000,72000,Diesel,Individual,Manual,First Owner,21.5 kmpl,1248 CC,88.8 bhp,200Nm@ 1750rpm,5,Mitsubishi,10500,crossover,130,2.4,Gas,yes,2006,Outlander,24,1,dodge,gas,turbo,two,hatchback,fwd,front,93.7,157.3,63.8,50.8,2128,ohc,four,98,mpfi,3.03,3.39,7.6,102,5500,24,30,7957
24,Tata Tigor 2017-2020 XZ,2018,500000,35000,Petrol,Individual,Manual,First Owner,20.3 kmpl,1199 CC,83.81 bhp,114Nm@ 3500rpm,5,Audi,24900,sedan,163,4.2,Diesel,yes,2008,A8,25,1,dodge,gas,std,four,hatchback,fwd,front,93.7,157.3,63.8,50.6,1967,ohc,four,90,2bbl,2.97,3.23,9.4,68,5500,31,38,6229
25,Maruti Baleno Delta 1.2,2016,575000,45000,Petrol,Individual,Manual,First Owner,21.4 kmpl,1197 CC,83.1 bhp,115Nm@ 4000rpm,5,Volkswagen,20800,crossover,151,3,Diesel,yes,2008,Touareg,26,1,dodge,gas,std,four,sedan,fwd,front,93.7,157.3,63.8,50.6,1989,ohc,four,90,2bbl,2.97,3.23,9.4,68,5500,31,38,6692
26,Maruti Alto 800 LXI,2017,275000,28000,Petrol,Individual,Manual,First Owner,24.7 kmpl,796 CC,47.3 bhp,69Nm@ 3500rpm,5,Audi,6500,sedan,330,2.4,Petrol,yes,1999,A6,27,1,dodge,gas,std,four,sedan,fwd,front,93.7,157.3,63.8,50.6,1989,ohc,four,90,2bbl,2.97,3.23,9.4,68,5500,31,38,7609
27,Chevrolet Enjoy TCDi LTZ 7 Seater,2013,300000,70000,Diesel,Individual,Manual,First Owner,18.2 kmpl,1248 CC,73.8 bhp,172.5Nm@ 1750rpm,7,Mercedes-Benz,13566,other,171,2.2,Other,no,2011,Vito,28,1,dodge,gas,turbo,two,sedan,fwd,front,93.7,157.3,63.8,50.6,2191,ohc,four,98,mpfi,3.03,3.39,7.6,102,5500,24,30,8558
28,Maruti Wagon R LXI Minor,2009,220000,120000,Petrol,Individual,Manual,First Owner,18.9 kmpl,1061 CC,67 bhp,84Nm@ 3500rpm,5,Mitsubishi,8500,hatch,65,1.3,Petrol,yes,2010,Colt,29,-1,dodge,gas,std,four,wagon,fwd,front,103.3,174.6,64.6,59.8,2535,ohc,four,122,2bbl,3.34,3.46,8.5,88,5000,24,30,8921
29,Maruti Omni E MPI STD BS IV,2018,254999,25000,Petrol,Individual,Manual,First Owner,16.8 kmpl,796 CC,34.2 bhp,59Nm@ 2500rpm,8,Mercedes-Benz,,crossover,0,4.6,Petrol,yes,2016,GLS 500,30,3,dodge,gas,turbo,two,hatchback,fwd,front,95.9,173.2,66.3,50.2,2811,ohc,four,156,mfi,3.6,3.9,7,145,5000,19,24,12964
30,Maruti Vitara Brezza LDi Option,2017,670000,70000,Diesel,Individual,Manual,First Owner,24.3 kmpl,1248 CC,88.5 bhp,200Nm@ 1750rpm,5,Audi,2900,sedan,1,2.3,Gas,yes,1989,100,31,2,honda,gas,std,two,hatchback,fwd,front,86.6,144.6,63.9,50.8,1713,ohc,four,92,1bbl,2.91,3.41,9.6,58,4800,49,54,6479
31,Fiat Palio 1.2 ELX,2003,70000,50000,Petrol,Individual,Manual,Second Owner,,,,,,BMW,21500,other,72,3,Petrol,yes,2007,Z4,32,2,honda,gas,std,two,hatchback,fwd,front,86.6,144.6,63.9,50.8,1819,ohc,four,92,1bbl,2.91,3.41,9.2,76,6000,31,38,6855
32,Maruti Omni 8 Seater BSIV,2012,150000,35000,Petrol,Individual,Manual,Second Owner,14.0 kmpl,796 CC,35 bhp,6.1kgm@ 3000rpm,5,Mitsubishi,17900,crossover,87,3.8,Gas,yes,2008,Pajero Wagon,33,1,honda,gas,std,two,hatchback,fwd,front,93.7,150,64,52.6,1837,ohc,four,79,1bbl,2.91,3.07,10.1,60,5500,38,42,5399
33,Hyundai i20 1.2 Asta Dual Tone,2018,730000,2388,Petrol,Individual,Manual,First Owner,18.6 kmpl,1197 CC,81.83 bhp,114.7Nm@ 4000rpm,5,BMW,28500,crossover,160,4.8,Gas,yes,2008,X5,34,1,honda,gas,std,two,hatchback,fwd,front,93.7,150,64,52.6,1940,ohc,four,92,1bbl,2.91,3.41,9.2,76,6000,30,34,6529
34,Maruti Vitara Brezza LDi,2017,650000,16200,Diesel,Individual,Manual,First Owner,24.3 kmpl,1248 CC,88.5 bhp,200Nm@ 1750rpm,5,Volkswagen,9800,van,160,1.9,Diesel,yes,2009,Caddy,35,1,honda,gas,std,two,hatchback,fwd,front,93.7,150,64,52.6,1956,ohc,four,92,1bbl,2.91,3.41,9.2,76,6000,30,34,7129
35,Maruti Alto 800 CNG LXI Optional,2019,330000,10000,CNG,Individual,Manual,Second Owner,33.44 km/kg,796 CC,40.3 bhp,60Nm@ 3500rpm,4,Toyota,14500,sedan,147,2.4,Gas,yes,2006,Camry,36,0,honda,gas,std,four,sedan,fwd,front,96.5,163.4,64,54.5,2010,ohc,four,92,1bbl,2.91,3.41,9.2,76,6000,30,34,7295
36,Maruti Alto K10 VXI Airbag,2019,366000,15000,Petrol,Individual,Manual,First Owner,23.95 kmpl,998 CC,67.1 bhp,90Nm@ 3500rpm,5,BMW,6000,sedan,300,2.8,Petrol,yes,1996,528,37,0,honda,gas,std,four,wagon,fwd,front,96.5,157.1,63.9,58.3,2024,ohc,four,92,1bbl,2.92,3.41,9.2,76,6000,30,34,7295
37,Hyundai Verna VTVT 1.6 SX Option,2019,1149000,5000,Petrol,Individual,Manual,First Owner,17.0 kmpl,1591 CC,121.3 bhp,151Nm@ 4850rpm,5,BMW,67500,crossover,1,2.5,Diesel,yes,2016,X5,38,0,honda,gas,std,two,hatchback,fwd,front,96.5,167.5,65.2,53.3,2236,ohc,four,110,1bbl,3.15,3.58,9,86,5800,27,33,7895
38,Datsun GO D,2016,150000,42000,Petrol,Individual,Manual,First Owner,20.63 kmpl,1198 CC,67 bhp,104Nm@ 4000rpm,5,Audi,33900,other,14,1.8,Petrol,yes,2014,TT,39,0,honda,gas,std,two,hatchback,fwd,front,96.5,167.5,65.2,53.3,2289,ohc,four,110,1bbl,3.15,3.58,9,86,5800,27,33,9095
39,Tata Safari DICOR 2.2 LX 4x2,2011,425000,60000,Diesel,Individual,Manual,Second Owner,13.93 kmpl,2179 CC,138.03 bhp,320Nm@ 1700-2700rpm,7,Audi,2500,sedan,180,,Petrol,no,2000,A4,40,0,honda,gas,std,four,sedan,fwd,front,96.5,175.4,65.2,54.1,2304,ohc,four,110,1bbl,3.15,3.58,9,86,5800,27,33,8845
40,Maruti 800 Std,2012,150000,76000,Petrol,Individual,Manual,First Owner,16.1 kmpl,796 CC,37 bhp,59Nm@ 2500rpm,4,Mercedes-Benz,9800,van,230,2.15,Diesel,yes,2004,Vito,41,0,honda,gas,std,four,sedan,fwd,front,96.5,175.4,62.5,54.1,2372,ohc,four,110,1bbl,3.15,3.58,9,86,5800,27,33,10295
41,Jeep Compass 1.4 Limited Plus BSIV,2019,2100000,5000,Petrol,Individual,Automatic,First Owner,16.0 kmpl,1368 CC,160.77 bhp,250Nm@ 1750-2500rpm,5,Mercedes-Benz,63000,crossover,86,5.5,Petrol,yes,2009,G 55 AMG,42,0,honda,gas,std,four,sedan,fwd,front,96.5,175.4,65.2,54.1,2465,ohc,four,110,mpfi,3.15,3.58,9,101,5800,24,28,12945
42,Honda City i VTEC VX,2018,925000,28900,Petrol,Dealer,Manual,First Owner,17.8 kmpl,1497 CC,117.3 bhp,145Nm@ 4600rpm,5,BMW,7700,sedan,326,2.8,Petrol,yes,1998,528,43,1,honda,gas,std,two,sedan,fwd,front,96.5,169.1,66,51,2293,ohc,four,110,2bbl,3.15,3.58,9.1,100,5500,25,31,10345
43,Honda City V MT,2013,425000,86300,Petrol,Dealer,Manual,First Owner,16.8 kmpl,1497 CC,116.3 bhp,146Nm@ 4800rpm,5,Mercedes-Benz,9600,van,30,2.2,Diesel,yes,2006,Vito,44,0,isuzu,gas,std,four,sedan,rwd,front,94.3,170.7,61.8,53.5,2337,ohc,four,111,2bbl,3.31,3.23,8.5,78,4800,24,29,6785
44,Maruti Swift Dzire VXi AT,2018,675000,23300,Petrol,Dealer,Automatic,First Owner,18.5 kmpl,1197 CC,83.14 bhp,115Nm@ 4000rpm,5,Toyota,12800,sedan,181,2.4,Petrol,yes,2008,Camry,45,1,isuzu,gas,std,two,sedan,fwd,front,94.5,155.9,63.6,52,1874,ohc,four,90,2bbl,3.03,3.11,9.6,70,5400,38,43,8916.5
45,Maruti Vitara Brezza VDi,2018,819999,32600,Diesel,Dealer,Manual,First Owner,24.3 kmpl,1248 CC,88.5 bhp,200Nm@ 1750rpm,5,BMW,41000,crossover,80,3,Petrol,yes,2012,X6,46,0,isuzu,gas,std,four,sedan,fwd,front,94.5,155.9,63.6,52,1909,ohc,four,90,2bbl,3.03,3.11,9.6,70,5400,38,43,8916.5
46,Maruti Alto K10 VXI,2018,390000,10300,Petrol,Dealer,Manual,First Owner,23.95 kmpl,998 CC,67.05 bhp,90Nm@ 3500rpm,5,Mitsubishi,2500,sedan,220,2.4,Petrol,yes,1987,Galant,47,2,isuzu,gas,std,two,hatchback,rwd,front,96,172.6,65.2,51.4,2734,ohc,four,119,spfi,3.43,3.23,9.2,90,5000,24,29,11048
47,Toyota Fortuner 4x4 MT,2014,1500000,77000,Diesel,Dealer,Manual,First Owner,12.55 kmpl,2982 CC,168.5 bhp,343Nm@ 1400-3400rpm,7,BMW,3700,sedan,231,2.5,Petrol,yes,1990,525,48,0,jaguar,gas,std,four,sedan,rwd,front,113,199.6,69.6,52.8,4066,dohc,six,258,mpfi,3.63,4.17,8.1,176,4750,15,19,32250
48,Toyota Innova 2.5 G (Diesel) 7 Seater BS IV,2013,700000,99000,Diesel,Dealer,Manual,First Owner,12.99 kmpl,2494 CC,100 bhp,200Nm@ 1400-3400rpm,7,Mercedes-Benz,29500,sedan,134,5,Petrol,yes,2008,S 500,49,0,jaguar,gas,std,four,sedan,rwd,front,113,199.6,69.6,52.8,4066,dohc,six,258,mpfi,3.63,4.17,8.1,176,4750,15,19,35550
49,Mercedes-Benz B Class B180,2014,1450000,27800,Diesel,Dealer,Automatic,Second Owner,14.8 kmpl,2143 CC,120.7 bhp,200Nm@ 1250-4000rpm,5,BMW,6500,sedan,335,2.8,Petrol,yes,1996,528,50,0,jaguar,gas,std,two,sedan,rwd,front,102,191.7,70.6,47.8,3950,ohcv,twelve,326,mpfi,3.54,2.76,11.5,262,5000,13,17,36000
50,Honda Amaze S Diesel,2015,425000,49800,Diesel,Dealer,Manual,First Owner,24.7 kmpl,1498 CC,98.63 bhp,200Nm@ 1750rpm,5,Mercedes-Benz,,sedan,145,3.2,Diesel,yes,2007,E-Class,51,1,mazda,gas,std,two,hatchback,fwd,front,93.1,159.1,64.2,54.1,1890,ohc,four,91,2bbl,3.03,3.15,9,68,5000,30,31,5195
51,Mitsubishi Pajero Sport 4X4,2013,1090000,151000,Diesel,Dealer,Manual,First Owner,13.5 kmpl,2477 CC,175.56 bhp,400Nm@ 2000-2500rpm,7,Renault,8250,van,66,1.5,Diesel,yes,2014,Kangoo,52,1,mazda,gas,std,two,hatchback,fwd,front,93.1,159.1,64.2,54.1,1900,ohc,four,91,2bbl,3.03,3.15,9,68,5000,31,38,6095
52,Honda City i DTEC S,2015,600000,54700,Diesel,Dealer,Manual,First Owner,26.0 kmpl,1498 CC,98.6 bhp,200Nm@ 1750rpm,5,Mercedes-Benz,19500,crossover,172,3.5,Other,yes,2008,ML 350,53,1,mazda,gas,std,two,hatchback,fwd,front,93.1,159.1,64.2,54.1,1905,ohc,four,91,2bbl,3.03,3.15,9,68,5000,31,38,6795
53,Maruti Ciaz Zeta,2018,850000,64000,Petrol,Dealer,Manual,First Owner,20.65 kmpl,1462 CC,103.25 bhp,138Nm@ 4400rpm,5,Mercedes-Benz,13500,sedan,317,5,Petrol,yes,2001,S 500,54,1,mazda,gas,std,four,sedan,fwd,front,93.1,166.8,64.2,54.1,1945,ohc,four,91,2bbl,3.03,3.15,9,68,5000,31,38,6695
54,Honda Jazz VX Diesel,2015,525000,63000,Diesel,Dealer,Manual,First Owner,27.3 kmpl,1498 CC,98.6 bhp,200Nm@ 1750rpm,5,Mercedes-Benz,9200,van,266,2.2,Diesel,yes,2008,Vito,55,1,mazda,gas,std,four,sedan,fwd,front,93.1,166.8,64.2,54.1,1950,ohc,four,91,2bbl,3.08,3.15,9,68,5000,31,38,7395
55,Toyota Innova Crysta 2.8 ZX AT BSIV,2016,1650000,127700,Diesel,Dealer,Automatic,Second Owner,11.36 kmpl,2755 CC,171.5 bhp,360Nm@ 1200-3400rpm,7,Mercedes-Benz,,crossover,0,3,Diesel,yes,2016,GLS 350,56,3,mazda,gas,std,two,hatchback,rwd,front,95.3,169,65.7,49.6,2380,rotor,two,70,4bbl,3.33,3.255,9.4,101,6000,17,23,10945
56,Toyota Innova 2.5 G (Diesel) 7 Seater,2016,950000,99000,Diesel,Dealer,Manual,First Owner,12.99 kmpl,2494 CC,100.6 bhp,200Nm@ 1200-3600rpm,7,Toyota,10900,sedan,156,,Gas,yes,2005,Camry,57,3,mazda,gas,std,two,hatchback,rwd,front,95.3,169,65.7,49.6,2380,rotor,two,70,4bbl,3.33,3.255,9.4,101,6000,17,23,11845
57,Audi A6 2.0 TDI Technology,2013,1750000,33900,Diesel,Dealer,Automatic,Second Owner,17.68 kmpl,1968 CC,174.33 bhp,380Nm@ 1750-2500rpm,5,Volkswagen,5000,vagon,265,2,Diesel,no,2006,Passat B6,58,3,mazda,gas,std,two,hatchback,rwd,front,95.3,169,65.7,49.6,2385,rotor,two,70,4bbl,3.33,3.255,9.4,101,6000,17,23,13645
58,Toyota Corolla Altis 1.8 VL CVT,2018,1590000,25000,Petrol,Dealer,Automatic,First Owner,14.28 kmpl,1798 CC,138.03 bhp,173Nm@ 4000rpm,5,BMW,23900,crossover,162,4.8,Petrol,yes,2007,X5,59,3,mazda,gas,std,two,hatchback,rwd,front,95.3,169,65.7,49.6,2500,rotor,two,80,mpfi,3.33,3.255,9.4,135,6000,16,23,15645
59,Audi A6 2.0 TDI  Design Edition,2013,1689999,50000,Diesel,Dealer,Automatic,First Owner,18.53 kmpl,1968 CC,187.74 bhp,400Nm@ 1750-3000rpm,5,BMW,36900,sedan,81,3,Diesel,yes,2010,730,60,1,mazda,gas,std,two,hatchback,fwd,front,98.8,177.8,66.5,53.7,2385,ohc,four,122,2bbl,3.39,3.39,8.6,84,4800,26,32,8845
60,Mercedes-Benz New C-Class 220 CDI AT,2013,1425000,59000,Diesel,Dealer,Automatic,First Owner,14.84 kmpl,2143 CC,170 bhp,400Nm@ 1400-2800rpm,5,BMW,8900,other,253,1.8,Petrol,yes,1995,318,61,0,mazda,gas,std,four,sedan,fwd,front,98.8,177.8,66.5,55.5,2410,ohc,four,122,2bbl,3.39,3.39,8.6,84,4800,26,32,8495
61,Tata Manza ELAN Quadrajet BS IV,2011,265000,120000,Diesel,Individual,Manual,First Owner,21.12 kmpl,1248 CC,88.8 bhp,200Nm@ 1750-3000rpm,5,Renault,7800,van,200,1.9,Diesel,yes,2002,Trafic,62,1,mazda,gas,std,two,hatchback,fwd,front,98.8,177.8,66.5,53.7,2385,ohc,four,122,2bbl,3.39,3.39,8.6,84,4800,26,32,10595
62,Hyundai i10 Magna,2011,190000,110000,Petrol,Individual,Manual,Third Owner,20.36 kmpl,1197 CC,78.9 bhp,111.7Nm@ 4000rpm,5,BMW,133000,crossover,7,4.4,Petrol,yes,2015,X5 M,63,0,mazda,gas,std,four,sedan,fwd,front,98.8,177.8,66.5,55.5,2410,ohc,four,122,2bbl,3.39,3.39,8.6,84,4800,26,32,10245
63,Hyundai i20 Asta 1.4 CRDi,2013,425000,60000,Diesel,Individual,Manual,First Owner,21.27 kmpl,1396 CC,88.76 bhp,219.6Nm@ 1500-2750rpm,5,BMW,1650,sedan,270,1.8,Petrol,no,1995,318,64,0,mazda,diesel,std,four,sedan,fwd,front,98.8,177.8,66.5,55.5,2443,ohc,four,122,idi,3.39,3.39,22.7,64,4650,36,42,10795
64,Maruti Swift Dzire ZDI,2015,630000,147000,Diesel,Individual,Manual,Second Owner,26.59 kmpl,1248 CC,74 bhp,190Nm@ 2000rpm,5,Mercedes-Benz,50000,sedan,240,3.5,Petrol,yes,2006,S 350,65,0,mazda,gas,std,four,hatchback,fwd,front,98.8,177.8,66.5,55.5,2425,ohc,four,122,2bbl,3.39,3.39,8.6,84,4800,26,32,11245
65,Ford Figo 1.2P Titanium MT,2017,600000,25000,Petrol,Individual,Manual,Third Owner,18.16 kmpl,1196 CC,86.8 bhp,112Nm@ 4000rpm,5,Renault,9700,van,245,2,Diesel,yes,2008,Trafic,66,0,mazda,gas,std,four,sedan,rwd,front,104.9,175,66.1,54.4,2670,ohc,four,140,mpfi,3.76,3.16,8,120,5000,19,27,18280
66,Maruti Baleno Delta 1.2,2019,650000,30000,Petrol,Individual,Manual,First Owner,21.4 kmpl,1197 CC,83.1 bhp,115Nm@ 4000rpm,5,Mercedes-Benz,9999,van,127,2.2,Diesel,yes,2005,Vito,67,0,mazda,diesel,std,four,sedan,rwd,front,104.9,175,66.1,54.4,2700,ohc,four,134,idi,3.43,3.64,22,72,4200,31,39,18344
67,Volkswagen Ameo 1.5 TDI Highline 16 Alloy,2016,540000,40000,Diesel,Individual,Manual,First Owner,22.0 kmpl,1498 CC,108.495 bhp,250Nm@ 1500-3000rpm,5,Audi,69999,crossover,21,3,Petrol,yes,2015,A6 Allroad,68,-1,mercedes-benz,diesel,turbo,four,sedan,rwd,front,110,190.9,70.3,56.5,3515,ohc,five,183,idi,3.58,3.64,21.5,123,4350,22,25,25552
68,Honda City i DTEC VX,2015,630000,135000,Diesel,Individual,Manual,First Owner,25.1 kmpl,1498 CC,98.6 bhp,200Nm@ 1750rpm,5,Mitsubishi,6500,sedan,152,1.6,Petrol,yes,2007,Lancer,69,-1,mercedes-benz,diesel,turbo,four,wagon,rwd,front,110,190.9,70.3,58.7,3750,ohc,five,183,idi,3.58,3.64,21.5,123,4350,22,25,28248
69,Maruti Wagon R AMT VXI,2018,448000,30000,Petrol,Individual,Automatic,First Owner,20.51 kmpl,998 CC,67 bhp,90Nm@ 3500rpm,5,Audi,4300,sedan,267,1.9,Diesel,no,2003,A6,70,0,mercedes-benz,diesel,turbo,two,hardtop,rwd,front,106.7,187.5,70.3,54.9,3495,ohc,five,183,idi,3.58,3.64,21.5,123,4350,22,25,28176
70,Volkswagen Ameo 1.5 TDI Comfortline,2017,500000,80000,Diesel,Individual,Manual,First Owner,21.66 kmpl,1498 CC,108.62 bhp,250Nm@ 1500-3000rpm,5,Audi,3000,sedan,267,2.5,Diesel,no,1999,A6,71,-1,mercedes-benz,diesel,turbo,four,sedan,rwd,front,115.6,202.6,71.7,56.3,3770,ohc,five,183,idi,3.58,3.64,21.5,123,4350,22,25,31600
71,Maruti Vitara Brezza VDi,2016,745000,70000,Diesel,Individual,Manual,First Owner,24.3 kmpl,1248 CC,88.5 bhp,200Nm@ 1750rpm,5,Mercedes-Benz,8700,sedan,240,2.2,Diesel,yes,2000,E-Class,72,-1,mercedes-benz,gas,std,four,sedan,rwd,front,115.6,202.6,71.7,56.5,3740,ohcv,eight,234,mpfi,3.46,3.1,8.3,155,4750,16,18,34184
72,Maruti Vitara Brezza ZDi Plus AMT,2019,1025000,9850,Diesel,Individual,Automatic,First Owner,24.3 kmpl,1248 CC,88.5 bhp,200Nm@ 1750rpm,5,Renault,9000,vagon,178,2,Petrol,yes,2008,Scenic,73,3,mercedes-benz,gas,std,two,convertible,rwd,front,96.6,180.3,70.5,50.8,3685,ohcv,eight,234,mpfi,3.46,3.1,8.3,155,4750,16,18,35056
73,Hyundai i10 Magna,2011,235000,60000,Petrol,Individual,Manual,Second Owner,20.36 kmpl,1197 CC,78.9 bhp,111.7Nm@ 4000rpm,5,Mercedes-Benz,20400,sedan,190,1.8,Gas,yes,2011,E-Class,74,0,mercedes-benz,gas,std,four,sedan,rwd,front,120.9,208.1,71.7,56.7,3900,ohcv,eight,308,mpfi,3.8,3.35,8,184,4500,14,16,40960
74,Maruti Swift VDI Deca,2016,630000,70000,Diesel,Individual,Manual,First Owner,25.2 kmpl,1248 CC,74 bhp,190Nm@ 2000rpm,5,BMW,9000,sedan,175,3,Petrol,no,2006,330,75,1,mercedes-benz,gas,std,two,hardtop,rwd,front,112,199.2,72,55.4,3715,ohcv,eight,304,mpfi,3.8,3.35,8,184,4500,14,16,45400
75,Toyota Fortuner 4x4 MT,2015,1700000,78000,Diesel,Individual,Manual,Second Owner,12.55 kmpl,2982 CC,168.5 bhp,343Nm@ 1400-3400rpm,7,Mercedes-Benz,13400,sedan,105,1.8,Petrol,yes,2006,E-Class,76,1,mercury,gas,turbo,two,hatchback,rwd,front,102.7,178.4,68,54.8,2910,ohc,four,140,mpfi,3.78,3.12,8,175,5000,19,24,16503
76,Maruti Swift Star VDI,2013,450000,120000,Diesel,Individual,Manual,Second Owner,22.9 kmpl,1248 CC,74 bhp,190Nm@ 2000rpm,5,Volkswagen,3700,sedan,195,1.9,Diesel,no,2001,Passat B5,77,2,mitsubishi,gas,std,two,hatchback,fwd,front,93.7,157.3,64.4,50.8,1918,ohc,four,92,2bbl,2.97,3.23,9.4,68,5500,37,41,5389
77,Maruti Ertiga ZXI,2012,450000,120000,Petrol,Individual,Manual,Second Owner,16.02 kmpl,1373 CC,93.7 bhp,130Nm@ 4000rpm,7,Volkswagen,9850,van,126,2,Diesel,yes,2012,Caddy,78,2,mitsubishi,gas,std,two,hatchback,fwd,front,93.7,157.3,64.4,50.8,1944,ohc,four,92,2bbl,2.97,3.23,9.4,68,5500,31,38,6189
78,Tata Indica DLS,2003,50000,70000,Diesel,Individual,Manual,First Owner,,,,,,Audi,3700,hatch,420,2,Diesel,no,2004,A3,79,2,mitsubishi,gas,std,two,hatchback,fwd,front,93.7,157.3,64.4,50.8,2004,ohc,four,92,2bbl,2.97,3.23,9.4,68,5500,31,38,6669
79,Volkswagen Vento Diesel Highline,2013,450000,170000,Diesel,Individual,Manual,First Owner,20.54 kmpl,1598 CC,103.6 bhp,250Nm@ 1500-2500rpm,5,Toyota,15700,crossover,195,4,Gas,yes,2003,Land Cruiser Prado,80,1,mitsubishi,gas,turbo,two,hatchback,fwd,front,93,157.3,63.8,50.8,2145,ohc,four,98,spdi,3.03,3.39,7.6,102,5500,24,30,7689
80,Toyota Innova 2.5 VX (Diesel) 8 Seater,2016,1200000,140000,Diesel,Individual,Manual,First Owner,12.99 kmpl,2494 CC,100.6 bhp,200Nm@ 1200-3600rpm,8,Mercedes-Benz,24500,sedan,180,2.2,Diesel,yes,2012,E-Class,81,3,mitsubishi,gas,turbo,two,hatchback,fwd,front,96.3,173,65.4,49.4,2370,ohc,four,110,spdi,3.17,3.46,7.5,116,5500,23,30,9959
81,Ford EcoSport 1.5 TDCi Titanium Plus BSIV,2015,610000,90000,Diesel,Individual,Manual,First Owner,22.77 kmpl,1498 CC,98.59 bhp,205Nm@ 1750-3250rpm,5,Mitsubishi,7500,sedan,195,1.6,Gas,yes,2007,Lancer,82,3,mitsubishi,gas,std,two,hatchback,fwd,front,96.3,173,65.4,49.4,2328,ohc,four,122,2bbl,3.35,3.46,8.5,88,5000,25,32,8499
82,BMW X1 sDrive20i xLine,2016,2500000,30000,Petrol,Individual,Automatic,Second Owner,15.71 kmpl,1998 CC,189 bhp,280Nm@ 1350-4600rpm,5,Volkswagen,11990,van,231,2.5,Diesel,yes,2002,Caravelle,83,3,mitsubishi,gas,turbo,two,hatchback,fwd,front,95.9,173.2,66.3,50.2,2833,ohc,four,156,spdi,3.58,3.86,7,145,5000,19,24,12629
83,Maruti Celerio ZXI MT BSIV,2017,484999,10000,Petrol,Dealer,Manual,First Owner,23.1 kmpl,998 CC,67.04 bhp,90Nm@ 3500rpm,5,Volkswagen,13708.5,hatch,51,1.4,Petrol,yes,2014,Polo,84,3,mitsubishi,gas,turbo,two,hatchback,fwd,front,95.9,173.2,66.3,50.2,2921,ohc,four,156,spdi,3.59,3.86,7,145,5000,19,24,14869
84,Datsun GO A Petrol,2016,275000,49000,Petrol,Dealer,Manual,First Owner,19.02 kmpl,1198 CC,67.05 bhp,104Nm@ 4000rpm,5,BMW,8200,sedan,287,2.5,Gas,yes,1999,525,85,3,mitsubishi,gas,turbo,two,hatchback,fwd,front,95.9,173.2,66.3,50.2,2926,ohc,four,156,spdi,3.59,3.86,7,145,5000,19,24,14489
85,Maruti Alto 800 VXI BSIV,2016,315000,32000,Petrol,Dealer,Manual,First Owner,24.7 kmpl,796 CC,47.3 bhp,69Nm@ 3500rpm,5,Renault,6999,van,222,1.5,Diesel,yes,2009,Kangoo,86,1,mitsubishi,gas,std,four,sedan,fwd,front,96.3,172.4,65.4,51.6,2365,ohc,four,122,2bbl,3.35,3.46,8.5,88,5000,25,32,6989
86,Maruti Alto 800 LXI BSIV,2016,275000,38000,Petrol,Dealer,Manual,First Owner,24.7 kmpl,796 CC,47.3 bhp,69Nm@ 3500rpm,5,Renault,6750,vagon,214,1.5,Diesel,yes,2004,Megane,87,1,mitsubishi,gas,std,four,sedan,fwd,front,96.3,172.4,65.4,51.6,2405,ohc,four,122,2bbl,3.35,3.46,8.5,88,5000,25,32,8189
87,Maruti Swift VDI BSIV W ABS,2015,475000,78000,Diesel,Dealer,Manual,First Owner,,,,,,Audi,18500,sedan,245,3,Diesel,yes,2006,A8,88,1,mitsubishi,gas,turbo,four,sedan,fwd,front,96.3,172.4,65.4,51.6,2403,ohc,four,110,spdi,3.17,3.46,7.5,116,5500,23,30,9279
88,Hyundai i10 Era 1.1,2012,290000,28000,Petrol,Dealer,Manual,First Owner,19.81 kmpl,1086 CC,68.05 bhp,99.04Nm@ 4500rpm,5,Toyota,14299,sedan,83,2,Petrol,yes,2009,Avensis,89,-1,mitsubishi,gas,std,four,sedan,fwd,front,96.3,172.4,65.4,51.6,2403,ohc,four,110,spdi,3.17,3.46,7.5,116,5500,23,30,9279
89,Maruti Omni 8 Seater BSIV,2017,280000,32000,Petrol,Dealer,Manual,First Owner,14.0 kmpl,796 CC,35 bhp,6.1kgm@ 3000rpm,5,Mercedes-Benz,28500,crossover,210,3.2,Diesel,yes,2007,GL 320,90,1,nissan,gas,std,two,sedan,fwd,front,94.5,165.3,63.8,54.5,1889,ohc,four,97,2bbl,3.15,3.29,9.4,69,5200,31,37,5499
90,Maruti Wagon R LXI LPG BSIV,2010,225000,44000,LPG,Dealer,Manual,First Owner,26.2 km/kg,998 CC,58.2 bhp,77Nm@ 3500rpm,5,Mitsubishi,17000,crossover,89,3.8,Petrol,yes,2008,Pajero Wagon,91,1,nissan,diesel,std,two,sedan,fwd,front,94.5,165.3,63.8,54.5,2017,ohc,four,103,idi,2.99,3.47,21.9,55,4800,45,50,7099
91,Volkswagen Polo 1.2 MPI Comfortline,2015,455000,42000,Petrol,Dealer,Manual,First Owner,16.47 kmpl,1198 CC,74 bhp,110Nm@ 3750rpm,5,Mercedes-Benz,,crossover,0,3,Diesel,yes,2016,GL 350,92,1,nissan,gas,std,two,sedan,fwd,front,94.5,165.3,63.8,54.5,1918,ohc,four,97,2bbl,3.15,3.29,9.4,69,5200,31,37,6649
92,Hyundai i10 Magna 1.1L,2015,351000,45000,Petrol,Dealer,Manual,Second Owner,19.81 kmpl,1086 CC,68.05 bhp,99.04Nm@ 4500rpm,5,Mercedes-Benz,25700,crossover,130,4.7,Gas,yes,2008,GL 450,93,1,nissan,gas,std,four,sedan,fwd,front,94.5,165.3,63.8,54.5,1938,ohc,four,97,2bbl,3.15,3.29,9.4,69,5200,31,37,6849
93,Volkswagen Vento Petrol Highline,2012,535000,12000,Petrol,Dealer,Manual,Second Owner,15.04 kmpl,1598 CC,103.6 bhp,153Nm@ 3800rpm,5,Audi,2650,vagon,333,2.5,Diesel,no,2000,A6,94,1,nissan,gas,std,four,wagon,fwd,front,94.5,170.2,63.8,53.5,2024,ohc,four,97,2bbl,3.15,3.29,9.4,69,5200,31,37,7349
94,Maruti Zen Estilo LXI BSIII,2009,175000,55500,Petrol,Dealer,Manual,First Owner,18.2 kmpl,998 CC,67.1 bhp,90Nm@ 3500rpm,5,Mitsubishi,8500,sedan,116,1.5,Petrol,yes,2008,Lancer X,95,1,nissan,gas,std,two,sedan,fwd,front,94.5,165.3,63.8,54.5,1951,ohc,four,97,2bbl,3.15,3.29,9.4,69,5200,31,37,7299
95,Hyundai i20 Asta Optional with Sunroof 1.2,2013,525000,61500,Petrol,Dealer,Manual,First Owner,18.5 kmpl,1197 CC,82.85 bhp,113.7Nm@ 4000rpm,5,Mercedes-Benz,4000,sedan,405,2,Diesel,yes,1992,200,96,1,nissan,gas,std,two,hatchback,fwd,front,94.5,165.6,63.8,53.3,2028,ohc,four,97,2bbl,3.15,3.29,9.4,69,5200,31,37,7799
96,Maruti Swift Dzire LDI,2016,600000,150000,Diesel,Individual,Manual,First Owner,26.59 kmpl,1248 CC,74 bhp,190Nm@ 2000rpm,5,Renault,11000,other,131,1.5,Diesel,yes,2011,Kangoo,97,1,nissan,gas,std,four,sedan,fwd,front,94.5,165.3,63.8,54.5,1971,ohc,four,97,2bbl,3.15,3.29,9.4,69,5200,31,37,7499
97,Hyundai Xcent 1.2 Kappa SX Option AT,2016,565000,72000,Petrol,Dealer,Automatic,First Owner,19.1 kmpl,1197 CC,82 bhp,114Nm@ 4000rpm,5,Mercedes-Benz,14500,sedan,138,2,Petrol,yes,2007,E-Class,98,1,nissan,gas,std,four,wagon,fwd,front,94.5,170.2,63.8,53.5,2037,ohc,four,97,2bbl,3.15,3.29,9.4,69,5200,31,37,7999
98,Maruti Alto LX BSIII,2008,120000,68000,Petrol,Dealer,Manual,Third Owner,19.7 kmpl,796 CC,46.3 bhp,62Nm@ 3000rpm,5,BMW,4099,sedan,50,2.5,Petrol,yes,1988,520,99,2,nissan,gas,std,two,hardtop,fwd,front,95.1,162.4,63.8,53.3,2008,ohc,four,97,2bbl,3.15,3.29,9.4,69,5200,31,37,8249
99,Hyundai i20 1.4 Asta Option,2017,725000,110000,Diesel,Individual,Manual,First Owner,22.54 kmpl,1396 CC,88.73 bhp,219.7Nm@ 1500-2750rpm,5,Volkswagen,31500,crossover,1,2,Petrol,yes,2014,Tiguan,100,0,nissan,gas,std,four,hatchback,fwd,front,97.2,173.4,65.2,54.7,2324,ohc,four,120,2bbl,3.33,3.47,8.5,97,5200,27,34,8949
100,Maruti Wagon R VXI,2009,185000,77000,Petrol,Dealer,Manual,Second Owner,21.79 kmpl,998 CC,67.05 bhp,90Nm@ 3500rpm,5,Renault,4500,van,207,1.5,Diesel,yes,2003,Kangoo,101,0,nissan,gas,std,four,sedan,fwd,front,97.2,173.4,65.2,54.7,2302,ohc,four,120,2bbl,3.33,3.47,8.5,97,5200,27,34,9549
101,Tata Manza Aura (ABS) Quadrajet,2010,200000,100000,Diesel,Individual,Manual,Second Owner,18.8 kmpl,1248 CC,90 bhp,200Nm@ 1750-3000rpm,5,Volkswagen,6700,other,207,1.9,Diesel,yes,2004,Caddy,102,0,nissan,gas,std,four,sedan,fwd,front,100.4,181.7,66.5,55.1,3095,ohcv,six,181,mpfi,3.43,3.27,9,152,5200,17,22,13499
102,Maruti Swift VXI,2019,615000,10000,Petrol,Individual,Manual,First Owner,21.21 kmpl,1197 CC,81.80 bhp,113Nm@ 4200rpm,5,Renault,,van,85,1.5,Diesel,yes,2012,Kangoo,103,0,nissan,gas,std,four,wagon,fwd,front,100.4,184.6,66.5,56.1,3296,ohcv,six,181,mpfi,3.43,3.27,9,152,5200,17,22,14399
103,Maruti Eeco 7 Seater Standard BSIV,2016,270000,100000,Petrol,Individual,Manual,Third Owner,15.37 kmpl,1196 CC,73 bhp,101Nm@ 3000rpm,7,Mitsubishi,20800,crossover,31,2.4,Petrol,yes,2011,Outlander XL,104,0,nissan,gas,std,four,sedan,fwd,front,100.4,184.6,66.5,55.1,3060,ohcv,six,181,mpfi,3.43,3.27,9,152,5200,19,25,13499
104,Maruti Baleno Zeta 1.2,2018,610000,35000,Petrol,Individual,Manual,First Owner,21.4 kmpl,1197 CC,83.1 bhp,115Nm@ 4000rpm,5,Mercedes-Benz,107999,crossover,0,2.98,Diesel,yes,2016,GLS 350,105,3,nissan,gas,std,two,hatchback,rwd,front,91.3,170.7,67.9,49.7,3071,ohcv,six,181,mpfi,3.43,3.27,9,160,5200,19,25,17199
105,Mahindra Scorpio VLX AT AIRBAG BSIV,2014,625000,70000,Diesel,Individual,Automatic,Second Owner,11.79 kmpl,2179 CC,120 bhp,290Nm@ 1800-2800rpm,8,BMW,3500,sedan,334,2,Diesel,no,1999,320,106,3,nissan,gas,turbo,two,hatchback,rwd,front,91.3,170.7,67.9,49.7,3139,ohcv,six,181,mpfi,3.43,3.27,7.8,200,5200,17,23,19699
106,Ford Freestyle Titanium Petrol BSIV,2020,400000,5000,Petrol,Individual,Manual,Second Owner,19.0 kmpl,1194 CC,94.68 bhp,120Nm@ 4250rpm,5,Audi,39000,sedan,18,1.8,Other,yes,2015,A5,107,1,nissan,gas,std,two,hatchback,rwd,front,99.2,178.5,67.9,49.7,3139,ohcv,six,181,mpfi,3.43,3.27,9,160,5200,19,25,18399
107,Hyundai Verna VTVT 1.6 SX,2017,866000,37800,Petrol,Individual,Manual,First Owner,17.0 kmpl,1591 CC,121.3 bhp,151Nm@ 4850rpm,5,Toyota,13500,crossover,150,4.7,Gas,yes,2002,Land Cruiser 100,108,0,peugot,gas,std,four,sedan,rwd,front,107.9,186.7,68.4,56.7,3020,l,four,120,mpfi,3.46,3.19,8.4,97,5000,19,24,11900
108,Volkswagen Passat 1.8 TSI MT,2010,700000,114000,Petrol,Individual,Manual,First Owner,14.3 kmpl,1798 CC,160 bhp,250Nm@ 1500~4500rpm,5,Mitsubishi,6150,sedan,175,1.6,Petrol,yes,2007,Lancer,109,0,peugot,diesel,turbo,four,sedan,rwd,front,107.9,186.7,68.4,56.7,3197,l,four,152,idi,3.7,3.52,21,95,4150,28,33,13200
109,Tata Indica Vista Aura 1.2 Safire (ABS) BS IV,2010,300000,48000,Petrol,Individual,Manual,First Owner,15.8 kmpl,1172 CC,65 bhp,96 Nm at 3000 rpm,5,BMW,45500,crossover,76,4.4,Petrol,yes,2010,X6 M,110,0,peugot,gas,std,four,wagon,rwd,front,114.2,198.9,68.4,58.7,3230,l,four,120,mpfi,3.46,3.19,8.4,97,5000,19,24,12440
110,Mahindra XUV500 W11 Option AWD,2019,1700000,32000,Diesel,Individual,Manual,First Owner,15.1 kmpl,2179 CC,155 bhp,360Nm@ 1750-2800rpm,7,BMW,4900,sedan,295,2,Petrol,yes,1994,520,111,0,peugot,diesel,turbo,four,wagon,rwd,front,114.2,198.9,68.4,58.7,3430,l,four,152,idi,3.7,3.52,21,95,4150,25,25,13860
111,Tata Indigo CS LS (TDI) BS-III,2016,375000,100000,Diesel,Individual,Manual,First Owner,19.09 kmpl,1405 CC,69.01 bhp,135Nm@ 2500rpm,5,BMW,47000,other,5,2,Petrol,yes,2014,Z4,112,0,peugot,gas,std,four,sedan,rwd,front,107.9,186.7,68.4,56.7,3075,l,four,120,mpfi,3.46,2.19,8.4,95,5000,19,24,15580
112,Hyundai Verna 1.6 SX,2013,522000,150000,Diesel,Individual,Manual,Second Owner,22.32 kmpl,1582 CC,126.32 bhp,259.8Nm@ 1900-2750rpm,5,Toyota,19200,crossover,190,2.7,Gas,yes,2005,Land Cruiser Prado,113,0,peugot,diesel,turbo,four,sedan,rwd,front,107.9,186.7,68.4,56.7,3252,l,four,152,idi,3.7,3.52,21,95,4150,28,33,16900
113,Hyundai i20 Magna 1.4 CRDi (Diesel),2013,451999,69000,Diesel,Individual,Manual,First Owner,21.9 kmpl,1396 CC,88.76 bhp,219.6Nm@ 1500-2750rpm,5,Renault,,vagon,180,1.5,Diesel,yes,2011,Megane,114,0,peugot,gas,std,four,wagon,rwd,front,114.2,198.9,68.4,56.7,3285,l,four,120,mpfi,3.46,2.19,8.4,95,5000,19,24,16695
114,Toyota Corolla Altis G,2009,300000,100000,Petrol,Individual,Manual,Second Owner,14.53 kmpl,1798 CC,138.1 bhp,173Nm@ 4000rpm,5,Mitsubishi,11100,crossover,119,2.4,Gas,yes,2008,Outlander,115,0,peugot,diesel,turbo,four,wagon,rwd,front,114.2,198.9,68.4,58.7,3485,l,four,152,idi,3.7,3.52,21,95,4150,25,25,17075
115,Maruti Celerio VXI,2020,475000,13000,Petrol,Individual,Manual,First Owner,21.63 kmpl,998 CC,67.04 bhp,90Nm@ 3500rpm,5,Mitsubishi,8200,sedan,139,1.5,Other,yes,2012,Lancer X,116,0,peugot,gas,std,four,sedan,rwd,front,107.9,186.7,68.4,56.7,3075,l,four,120,mpfi,3.46,3.19,8.4,97,5000,19,24,16630
116,Maruti Vitara Brezza ZDi Plus Dual Tone,2016,780000,60000,Diesel,Individual,Manual,First Owner,24.3 kmpl,1248 CC,88.5 bhp,200Nm@ 1750rpm,5,Volkswagen,10300,sedan,235,2,Petrol,yes,2007,Passat B6,117,0,peugot,diesel,turbo,four,sedan,rwd,front,107.9,186.7,68.4,56.7,3252,l,four,152,idi,3.7,3.52,21,95,4150,28,33,17950
117,Maruti Swift Dzire VXI,2017,595000,40000,Petrol,Individual,Manual,First Owner,20.85 kmpl,1197 CC,83.14 bhp,115Nm@ 4000rpm,5,Renault,11990,van,210,1.1,Diesel,yes,2010,Scenic,118,0,peugot,gas,turbo,four,sedan,rwd,front,108,186.7,68.3,56,3130,l,four,134,mpfi,3.61,3.21,7,142,5600,18,24,18150
118,Maruti Wagon R VXI BS IV,2017,440000,35000,Petrol,Individual,Manual,First Owner,20.51 kmpl,998 CC,67.04 bhp,90Nm@ 3500rpm,5,Mitsubishi,800,sedan,340,,Other,yes,1986,Galant,119,1,plymouth,gas,std,two,hatchback,fwd,front,93.7,157.3,63.8,50.8,1918,ohc,four,90,2bbl,2.97,3.23,9.4,68,5500,37,41,5572
119,Maruti Swift VDI BSIV,2010,300000,120000,Diesel,Individual,Manual,Second Owner,,,,,,BMW,46800,sedan,33,2,Diesel,yes,2014,520,120,1,plymouth,gas,turbo,two,hatchback,fwd,front,93.7,157.3,63.8,50.8,2128,ohc,four,98,spdi,3.03,3.39,7.6,102,5500,24,30,7957
120,Nissan Terrano XL 85 PS,2014,400000,70000,Diesel,Individual,Manual,Third Owner,20.45 kmpl,1461 CC,83.8 bhp,200Nm@ 1900rpm,5,Volkswagen,1500,other,260,1.8,Gas,no,1994,Golf III,121,1,plymouth,gas,std,four,hatchback,fwd,front,93.7,157.3,63.8,50.6,1967,ohc,four,90,2bbl,2.97,3.23,9.4,68,5500,31,38,6229
121,Hyundai Creta 1.6 CRDi SX,2016,1140000,50000,Diesel,Individual,Manual,First Owner,19.67 kmpl,1582 CC,126.2 bhp,259.9Nm@ 1900-2750rpm,5,BMW,6350,crossover,156,4.4,Gas,no,2002,X5,122,1,plymouth,gas,std,four,sedan,fwd,front,93.7,167.3,63.8,50.8,1989,ohc,four,90,2bbl,2.97,3.23,9.4,68,5500,31,38,6692
122,Ford EcoSport 1.5 Diesel Titanium Plus BSIV,2017,850000,76139,Diesel,Individual,Manual,First Owner,23.0 kmpl,1498 CC,98.96 bhp,205Nm@ 1750-3250rpm,5,Mercedes-Benz,,sedan,16,3,Diesel,yes,2014,S 350,123,1,plymouth,gas,std,four,sedan,fwd,front,93.7,167.3,63.8,50.8,2191,ohc,four,98,2bbl,2.97,3.23,9.4,68,5500,31,38,7609
123,Maruti Swift Dzire VDi,2012,370000,175000,Diesel,Individual,Manual,Fourth & Above Owner,19.3 kmpl,1248 CC,73.9 bhp,190Nm@ 2000rpm,5,Mercedes-Benz,8900,hatch,155,1.5,Petrol,yes,2005,A 150,124,-1,plymouth,gas,std,four,wagon,fwd,front,103.3,174.6,64.6,59.8,2535,ohc,four,122,2bbl,3.35,3.46,8.5,88,5000,24,30,8921
124,Renault KWID 1.0,2018,350000,25000,Petrol,Individual,Manual,First Owner,23.01 kmpl,999 CC,67 bhp,91Nm@ 4250rpm,5,Mercedes-Benz,12700,van,160,3,Diesel,yes,2007,Vito,125,3,plymouth,gas,turbo,two,hatchback,rwd,front,95.9,173.2,66.3,50.2,2818,ohc,four,156,spdi,3.59,3.86,7,145,5000,19,24,12764
125,Maruti Celerio VXI,2015,360000,40000,Petrol,Individual,Manual,Second Owner,23.1 kmpl,998 CC,67.04 bhp,90Nm@ 3500rpm,5,Mitsubishi,8000,sedan,207,1.6,Gas,yes,2007,Lancer,126,3,porsche,gas,std,two,hatchback,rwd,front,94.5,168.9,68.3,50.2,2778,ohc,four,151,mpfi,3.94,3.11,9.5,143,5500,19,27,22018
126,Maruti Alto LXi,2008,105000,65000,Petrol,Individual,Manual,Fourth & Above Owner,19.7 kmpl,796 CC,46.3 bhp,62Nm@ 3000rpm,5,Toyota,29500,crossover,63,4,Petrol,yes,2008,FJ Cruiser,127,3,porsche,gas,std,two,hardtop,rwd,rear,89.5,168.9,65,51.6,2756,ohcf,six,194,mpfi,3.74,2.9,9.5,207,5900,17,25,32528
127,Maruti Ertiga VDI,2013,625000,90000,Diesel,Individual,Manual,Second Owner,20.77 kmpl,1248 CC,88.76 bhp,200Nm@ 1750rpm,7,Volkswagen,,hatch,100,2,Petrol,yes,2013,Golf GTI,128,3,porsche,gas,std,two,hardtop,rwd,rear,89.5,168.9,65,51.6,2756,ohcf,six,194,mpfi,3.74,2.9,9.5,207,5900,17,25,34028
128,Hyundai Santro Xing GLS,2009,135000,80000,Petrol,Individual,Manual,Second Owner,17.92 kmpl,1086 CC,62.1 bhp,96.1Nm@ 3000rpm,5,Renault,7100,van,208,1.5,Diesel,yes,2008,Kangoo,129,3,porsche,gas,std,two,convertible,rwd,rear,89.5,168.9,65,51.6,2800,ohcf,six,194,mpfi,3.74,2.9,9.5,207,5900,17,25,37028
129,Maruti Ertiga VDI,2015,700000,110000,Diesel,Individual,Manual,Second Owner,20.77 kmpl,1248 CC,88.76 bhp,200Nm@ 1750rpm,7,Renault,10850,crossover,103,2.5,Gas,yes,2010,Koleos,130,1,porsche,gas,std,two,hatchback,rwd,front,98.4,175.7,72.3,50.5,3366,dohcv,eight,203,mpfi,3.94,3.11,10,288,5750,17,28,31400.5
130,Honda Amaze S i-VTEC,2019,690000,1303,Petrol,Dealer,Manual,First Owner,17.8 kmpl,1198 CC,86.7 bhp,109Nm@ 4500rpm,5,Volkswagen,,van,277,2.5,Diesel,yes,2001,T4 (Transporter),131,0,renault,gas,std,four,wagon,fwd,front,96.1,181.5,66.5,55.2,2579,ohc,four,132,mpfi,3.46,3.9,8.7,90,5100,23,31,9295
131,Audi Q5 35TDI Premium Plus,2018,3975000,31800,Diesel,Dealer,Automatic,First Owner,17.01 kmpl,1968 CC,188 bhp,400nm@ 1750-3000rpm,5,Toyota,195000,crossover,0,4.5,Diesel,yes,2016,Land Cruiser 200,132,2,renault,gas,std,two,hatchback,fwd,front,96.1,176.8,66.6,50.5,2460,ohc,four,132,mpfi,3.46,3.9,8.7,90,5100,23,31,9895
132,Lexus ES 300h,2019,5150000,20000,Petrol,Dealer,Automatic,First Owner,22.37 kmpl,2487 CC,214.56 bhp,202Nm@ 3600-5200rpm,5,Volkswagen,27000,sedan,57,2,Diesel,yes,2013,Passat B7,133,3,saab,gas,std,two,hatchback,fwd,front,99.1,186.6,66.5,56.1,2658,ohc,four,121,mpfi,3.54,3.07,9.31,110,5250,21,28,11850
133,Jaguar XF 2.0 Diesel Portfolio,2017,3200000,45000,Diesel,Dealer,Automatic,First Owner,19.33 kmpl,1999 CC,177 bhp,430Nm@ 1750-2500rpm,5,Volkswagen,18100,other,64,2,Petrol,yes,2011,Scirocco,134,2,saab,gas,std,four,sedan,fwd,front,99.1,186.6,66.5,56.1,2695,ohc,four,121,mpfi,3.54,3.07,9.3,110,5250,21,28,12170
134,Jeep Wrangler 2016-2019 3.6 4X4,2017,4100000,17000,Petrol,Individual,Automatic,First Owner,9.5 kmpl,3604 CC,280 bhp,347Nm@ 4300rpm,5,BMW,27000,sedan,137,5,Other,yes,2005,M5,135,3,saab,gas,std,two,hatchback,fwd,front,99.1,186.6,66.5,56.1,2707,ohc,four,121,mpfi,2.54,2.07,9.3,110,5250,21,28,15040
135,Land Rover Discovery Sport TD4 SE,2019,4500000,21000,Diesel,Dealer,Automatic,First Owner,12.83 kmpl,1999 CC,148.31 bhp,382nm@ 1750-2250rpm,7,BMW,8990,other,300,2.2,Petrol,yes,2002,320,136,2,saab,gas,std,four,sedan,fwd,front,99.1,186.6,66.5,56.1,2758,ohc,four,121,mpfi,3.54,3.07,9.3,110,5250,21,28,15510
136,Mercedes-Benz S-Class S 350 CDI,2017,6000000,37000,Diesel,Dealer,Automatic,First Owner,13.5 kmpl,2987 CC,254.79 bhp,620Nm@ 1600-2400rpm,5,Toyota,32900,crossover,82,2.7,Petrol,yes,2013,Venza,137,3,saab,gas,turbo,two,hatchback,fwd,front,99.1,186.6,66.5,56.1,2808,dohc,four,121,mpfi,3.54,3.07,9,160,5500,19,26,18150
137,BMW 5 Series 520d Sport Line,2018,3790000,29500,Diesel,Dealer,Automatic,First Owner,22.48 kmpl,1995 CC,187.74 bhp,400Nm@ 1750-2500rpm,5,BMW,25500,other,163,4.8,Petrol,yes,2008,X5,138,2,saab,gas,turbo,four,sedan,fwd,front,99.1,186.6,66.5,56.1,2847,dohc,four,121,mpfi,3.54,3.07,9,160,5500,19,26,18620
138,BMW X1 sDrive 20D xLine,2017,2150000,27000,Diesel,Dealer,Automatic,First Owner,,,,,,Toyota,8900,crossover,153,2,Petrol,yes,2003,Rav 4,139,2,subaru,gas,std,two,hatchback,fwd,front,93.7,156.9,63.4,53.7,2050,ohcf,four,97,2bbl,3.62,2.36,9,69,4900,31,36,5118
139,BMW X4 M Sport X xDrive20d,2019,5800000,7500,Diesel,Dealer,Automatic,First Owner,16.78 kmpl,1995 CC,190 bhp,400Nm@ 1750-2500rpm,5,Audi,11950,sedan,190,3,Petrol,yes,2006,A6,140,2,subaru,gas,std,two,hatchback,fwd,front,93.7,157.9,63.6,53.7,2120,ohcf,four,108,2bbl,3.62,2.64,8.7,73,4400,26,31,7053
140,Skoda Superb LK 1.8 TSI AT,2018,1864999,50000,Petrol,Dealer,Automatic,First Owner,14.67 kmpl,1798 CC,177.46 bhp,250@ 1250-5000rpm,5,Mercedes-Benz,22700,sedan,125,2.2,Diesel,yes,2010,E-Class,141,2,subaru,gas,std,two,hatchback,4wd,front,93.3,157.3,63.8,55.7,2240,ohcf,four,108,2bbl,3.62,2.64,8.7,73,4400,26,31,7603
141,Mercedes-Benz E-Class E250 Edition E,2016,2700000,35000,Diesel,Dealer,Automatic,First Owner,15.0 kmpl,2143 CC,204 bhp,500Nm@ 1600-1800rpm,5,Audi,600,sedan,112,1.6,Petrol,yes,1980,80,142,0,subaru,gas,std,four,sedan,fwd,front,97.2,172,65.4,52.5,2145,ohcf,four,108,2bbl,3.62,2.64,9.5,82,4800,32,37,7126
142,MG Hector Sharp AT BSIV,2019,1750000,19000,Petrol,Dealer,Automatic,First Owner,13.96 kmpl,1451 CC,141 bhp,250Nm@ 1600-3600rpm,5,BMW,13000,sedan,165,2.2,Gas,yes,2003,520,143,0,subaru,gas,std,four,sedan,fwd,front,97.2,172,65.4,52.5,2190,ohcf,four,108,2bbl,3.62,2.64,9.5,82,4400,28,33,7775
143,Honda City i-VTEC CVT VX,2017,795000,41000,Petrol,Dealer,Automatic,First Owner,18.0 kmpl,1497 CC,117.6 bhp,145Nm@ 4600rpm,5,Audi,25000,other,60,2,Petrol,yes,2011,A5,144,0,subaru,gas,std,four,sedan,fwd,front,97.2,172,65.4,52.5,2340,ohcf,four,108,mpfi,3.62,2.64,9,94,5200,26,32,9960
144,Toyota Corolla Altis 1.8 G CVT,2013,625000,39000,Petrol,Dealer,Automatic,First Owner,14.28 kmpl,1798 CC,138.03 bhp,173Nm@ 4000rpm,5,Toyota,26900,crossover,119,4,Gas,yes,2008,Land Cruiser Prado,145,0,subaru,gas,std,four,sedan,4wd,front,97,172,65.4,54.3,2385,ohcf,four,108,2bbl,3.62,2.64,9,82,4800,24,25,9233
145,Volvo XC40 D4 R-Design,2018,3400000,22000,Diesel,Dealer,Automatic,First Owner,18.0 kmpl,1969 CC,190 bhp,400Nm,5,Mercedes-Benz,87777,van,0,2.2,Diesel,yes,2016,V 250,146,0,subaru,gas,turbo,four,sedan,4wd,front,97,172,65.4,54.3,2510,ohcf,four,108,mpfi,3.62,2.64,7.7,111,4800,24,29,11259
146,Audi Q7 35 TDI Quattro Premium,2015,2650000,53000,Diesel,Dealer,Automatic,First Owner,12.07 kmpl,2967 CC,241.4 bhp,550Nm@ 1750-2750rpm,7,Volkswagen,6000,van,200,2,Diesel,yes,2008,Caddy,147,0,subaru,gas,std,four,wagon,fwd,front,97,173.5,65.4,53,2290,ohcf,four,108,2bbl,3.62,2.64,9,82,4800,28,32,7463
147,Maruti Ciaz ZDi,2015,535000,40000,Diesel,Dealer,Manual,First Owner,26.21 kmpl,1248 CC,88.5 bhp,200Nm@ 1750rpm,5,Audi,9800,vagon,257,2.5,Diesel,yes,2003,A6,148,0,subaru,gas,std,four,wagon,fwd,front,97,173.5,65.4,53,2455,ohcf,four,108,mpfi,3.62,2.64,9,94,5200,25,31,10198
148,Mercedes-Benz S-Class S 350 CDI,2017,5850000,47000,Diesel,Dealer,Automatic,First Owner,13.5 kmpl,2987 CC,282 bhp,490Nm@ 1600rpm,5,Audi,13900,other,197,2,Diesel,yes,2006,A6,149,0,subaru,gas,std,four,wagon,4wd,front,96.9,173.6,65.4,54.9,2420,ohcf,four,108,2bbl,3.62,2.64,9,82,4800,23,29,8013
149,BMW 5 Series 523i,2010,975000,72200,Petrol,Dealer,Automatic,Second Owner,10.8 kmpl,2497 CC,150 bhp,250 Nm at 2750 rpm,5,Renault,12200,van,164,2.5,Diesel,yes,2009,Trafic,150,0,subaru,gas,turbo,four,wagon,4wd,front,96.9,173.6,65.4,54.9,2650,ohcf,four,108,mpfi,3.62,2.64,7.7,111,4800,23,23,11694
150,Hyundai Elantra S,2016,805000,49900,Petrol,Dealer,Manual,First Owner,16.3 kmpl,1797 CC,147.5 bhp,177.5Nm@ 4700rpm,5,Mercedes-Benz,13500,crossover,205,2.7,Diesel,yes,2005,ML 270,151,1,toyota,gas,std,two,hatchback,fwd,front,95.7,158.7,63.6,54.5,1985,ohc,four,92,2bbl,3.05,3.03,9,62,4800,35,39,5348
151,Jaguar XE 2016-2019 2.0L Diesel Prestige,2017,2625000,9000,Diesel,Dealer,Automatic,First Owner,13.6 kmpl,1999 CC,177 bhp,430Nm@ 1750-2500rpm,5,BMW,18100,crossover,200,4.8,Petrol,yes,2005,X5,152,1,toyota,gas,std,two,hatchback,fwd,front,95.7,158.7,63.6,54.5,2040,ohc,four,92,2bbl,3.05,3.03,9,62,4800,31,38,6338
152,Tata Nexon 1.2 Revotron XZ Plus Dual Tone,2018,811000,11000,Petrol,Dealer,Manual,First Owner,17.0 kmpl,1198 CC,108.5 bhp,170Nm@ 1750-4000rpm,5,BMW,33000,crossover,200,3,Diesel,yes,2010,X5,153,1,toyota,gas,std,four,hatchback,fwd,front,95.7,158.7,63.6,54.5,2015,ohc,four,92,2bbl,3.05,3.03,9,62,4800,31,38,6488
153,Volkswagen Vento Petrol Highline,2011,375000,49000,Petrol,Individual,Manual,First Owner,15.04 kmpl,1598 CC,103.6 bhp,153Nm@ 3800rpm,5,Volkswagen,16900,crossover,145,1.4,Petrol,yes,2011,Tiguan,154,0,toyota,gas,std,four,wagon,fwd,front,95.7,169.7,63.6,59.1,2280,ohc,four,92,2bbl,3.05,3.03,9,62,4800,31,37,6918
154,Hyundai Elantra SX,2012,550000,95000,Petrol,Individual,Manual,First Owner,16.3 kmpl,1797 CC,147.5 bhp,177.5Nm@ 4700rpm,5,Mercedes-Benz,22000,sedan,110,1.8,Petrol,yes,2011,C-Class,155,0,toyota,gas,std,four,wagon,4wd,front,95.7,169.7,63.6,59.1,2290,ohc,four,92,2bbl,3.05,3.03,9,62,4800,27,32,7898
155,Skoda Rapid 1.6 MPI AT Elegance,2016,645000,11000,Petrol,Dealer,Automatic,First Owner,14.3 kmpl,1598 CC,103.5 bhp,153Nm@ 3800rpm,5,Volkswagen,10700,sedan,195,3.2,Petrol,yes,2007,Passat B6,156,0,toyota,gas,std,four,wagon,4wd,front,95.7,169.7,63.6,59.1,3110,ohc,four,92,2bbl,3.05,3.03,9,62,4800,27,32,8778
156,Mercedes-Benz CLA 200 CGI Sport,2018,2550000,18000,Petrol,Dealer,Automatic,First Owner,15.04 kmpl,1991 CC,183 bhp,300Nm@ 1200-4000rpm,5,Mercedes-Benz,7800,sedan,226,2.2,Diesel,yes,2000,E-Class,157,0,toyota,gas,std,four,sedan,fwd,front,95.7,166.3,64.4,53,2081,ohc,four,98,2bbl,3.19,3.03,9,70,4800,30,37,6938
157,Maruti Ertiga ZXI,2014,599000,46100,Petrol,Dealer,Manual,First Owner,16.02 kmpl,1373 CC,93.7 bhp,130Nm@ 4000rpm,7,Mercedes-Benz,17300,sedan,184,1.8,Gas,yes,2008,E-Class,158,0,toyota,gas,std,four,hatchback,fwd,front,95.7,166.3,64.4,52.8,2109,ohc,four,98,2bbl,3.19,3.03,9,70,4800,30,37,7198
158,Mercedes-Benz New C-Class C 200 AVANTGARDE,2017,2700000,16000,Petrol,Dealer,Automatic,First Owner,14.74 kmpl,1991 CC,181.04 bhp,300Nm@ 1200-1400rpm,5,BMW,70000,sedan,16,3,Diesel,yes,2014,730,159,0,toyota,diesel,std,four,sedan,fwd,front,95.7,166.3,64.4,53,2275,ohc,four,110,idi,3.27,3.35,22.5,56,4500,34,36,7898
159,Honda City V AT,2017,875000,18000,Petrol,Dealer,Automatic,First Owner,15.6 kmpl,1497 CC,116.3 bhp,146Nm@ 4800rpm,5,Volkswagen,2200,hatch,118,1.4,Petrol,no,2001,Lupo,160,0,toyota,diesel,std,four,hatchback,fwd,front,95.7,166.3,64.4,52.8,2275,ohc,four,110,idi,3.27,3.35,22.5,56,4500,38,47,7788
160,Toyota Glanza V CVT,2019,894999,9654,Petrol,Dealer,Automatic,First Owner,19.56 kmpl,1197 CC,81.80 bhp,113Nm@ 4200rpm,5,BMW,8900,sedan,256,2.2,Petrol,yes,2002,5 Series,161,0,toyota,gas,std,four,sedan,fwd,front,95.7,166.3,64.4,53,2094,ohc,four,98,2bbl,3.19,3.03,9,70,4800,38,47,7738
161,Maruti Alto K10 VXI,2011,175000,11000,Petrol,Dealer,Manual,First Owner,23.95 kmpl,998 CC,67.05 bhp,90Nm@ 3500rpm,5,Mercedes-Benz,31600,sedan,33,1.6,Petrol,yes,2013,CLA 200,162,0,toyota,gas,std,four,hatchback,fwd,front,95.7,166.3,64.4,52.8,2122,ohc,four,98,2bbl,3.19,3.03,9,70,4800,28,34,8358
162,Maruti Swift VXI,2012,340000,24300,Petrol,Dealer,Manual,First Owner,21.21 kmpl,1197 CC,81.80 bhp,113Nm@ 4200rpm,5,Volkswagen,7900,other,168,1.9,Diesel,yes,2006,T5 (Transporter),163,0,toyota,gas,std,four,sedan,fwd,front,95.7,166.3,64.4,52.8,2140,ohc,four,98,2bbl,3.19,3.03,9,70,4800,28,34,9258
163,Toyota Innova Crysta 2.8 ZX AT BSIV,2016,1525000,42163,Diesel,Dealer,Automatic,Second Owner,11.36 kmpl,2755 CC,171.5 bhp,360Nm@ 1200-3400rpm,7,Toyota,28500,crossover,97,3.5,Petrol,yes,2012,Highlander,164,1,toyota,gas,std,two,sedan,rwd,front,94.5,168.7,64,52.6,2169,ohc,four,98,2bbl,3.19,3.03,9,70,4800,29,34,8058
164,Tata Nexon 1.5 Revotorq XZA Plus DualTone,2018,1025000,8000,Diesel,Dealer,Automatic,First Owner,21.5 kmpl,1497 CC,108.5 bhp,260Nm@ 1500-2750rpm,5,Renault,6900,van,140,1.5,Diesel,yes,2012,Kangoo,165,1,toyota,gas,std,two,hatchback,rwd,front,94.5,168.7,64,52.6,2204,ohc,four,98,2bbl,3.19,3.03,9,70,4800,29,34,8238
165,BMW 3 Series 320d Luxury Line,2016,2150000,30000,Diesel,Dealer,Automatic,First Owner,22.69 kmpl,1995 CC,190 bhp,400Nm@ 1750-2500rpm,5,BMW,8850,vagon,280,2.5,Diesel,yes,2000,525,166,1,toyota,gas,std,two,sedan,rwd,front,94.5,168.7,64,52.6,2265,dohc,four,98,mpfi,3.24,3.08,9.4,112,6600,26,29,9298
166,Toyota Camry 2.5 Hybrid,2016,1900000,41000,Petrol,Dealer,Automatic,First Owner,19.16 kmpl,2494 CC,157.7 bhp,213Nm@ 4500rpm,5,Renault,3100,van,164,1.4,Petrol,yes,1999,Kangoo,167,1,toyota,gas,std,two,hatchback,rwd,front,94.5,168.7,64,52.6,2300,dohc,four,98,mpfi,3.24,3.08,9.4,112,6600,26,29,9538
167,BMW 5 Series 520d Luxury Line,2016,2900000,12000,Diesel,Dealer,Automatic,First Owner,18.12 kmpl,1995 CC,190 bhp,400Nm@ 1750-2500rpm,5,BMW,8900,sedan,250,2.5,Petrol,yes,2000,525,168,2,toyota,gas,std,two,hardtop,rwd,front,98.4,176.2,65.6,52,2540,ohc,four,146,mpfi,3.62,3.5,9.3,116,4800,24,30,8449
168,Toyota Camry W4 (AT),2009,450000,71000,Petrol,Dealer,Automatic,First Owner,12.1 kmpl,2362 CC,164.7 bhp,224Nm@ 4000rpm,5,Renault,6100,sedan,130,1.4,Petrol,yes,2005,Megane,169,2,toyota,gas,std,two,hardtop,rwd,front,98.4,176.2,65.6,52,2536,ohc,four,146,mpfi,3.62,3.5,9.3,116,4800,24,30,9639
169,Maruti Ertiga BSIV ZXI Plus,2016,850000,20000,Petrol,Individual,Manual,First Owner,17.5 kmpl,1373 CC,91.1 bhp,130Nm@ 4000rpm,7,BMW,1400,sedan,260,1.8,Petrol,no,1996,318,170,2,toyota,gas,std,two,hatchback,rwd,front,98.4,176.2,65.6,52,2551,ohc,four,146,mpfi,3.62,3.5,9.3,116,4800,24,30,9989
170,Volvo XC90 T8 Excellence BSIV,2017,10000000,30000,Petrol,Individual,Automatic,First Owner,42.0 kmpl,1969 CC,400 bhp,640Nm@ 1740rpm,4,Volkswagen,8800,van,93,1.6,Diesel,yes,2012,Caddy,171,2,toyota,gas,std,two,hardtop,rwd,front,98.4,176.2,65.6,52,2679,ohc,four,146,mpfi,3.62,3.5,9.3,116,4800,24,30,11199
171,Volkswagen Vento Diesel Highline,2011,300000,100000,Diesel,Individual,Manual,Second Owner,20.54 kmpl,1598 CC,103.6 bhp,250Nm@ 1500-2500rpm,5,Renault,10299,other,176,2,Diesel,yes,2013,Trafic,172,2,toyota,gas,std,two,hatchback,rwd,front,98.4,176.2,65.6,52,2714,ohc,four,146,mpfi,3.62,3.5,9.3,116,4800,24,30,11549
172,Ford Figo Aspire 1.2 Ti-VCT Trend,2018,575000,9500,Petrol,Individual,Manual,First Owner,18.16 kmpl,1196 CC,86.8 bhp,112Nm@ 4000rpm,5,Renault,6500,sedan,170,1.6,Petrol,yes,2004,Megane,173,2,toyota,gas,std,two,convertible,rwd,front,98.4,176.2,65.6,53,2975,ohc,four,146,mpfi,3.62,3.5,9.3,116,4800,24,30,17669
173,Ford Figo Diesel LXI,2011,160000,120000,Diesel,Individual,Manual,First Owner,20.0 kmpl,1399 CC,68 bhp,160Nm@ 2000rpm,5,Mercedes-Benz,169000,other,1,4.7,Petrol,yes,2015,S 500,174,-1,toyota,gas,std,four,sedan,fwd,front,102.4,175.6,66.5,54.9,2326,ohc,four,122,mpfi,3.31,3.54,8.7,92,4200,29,34,8948
174,Maruti Swift VXI Optional,2015,515000,36600,Petrol,Individual,Manual,First Owner,20.4 kmpl,1197 CC,81.80 bhp,113Nm@ 4200rpm,5,Toyota,9100,sedan,151,1.6,Gas,yes,2007,Corolla,175,-1,toyota,diesel,turbo,four,sedan,fwd,front,102.4,175.6,66.5,54.9,2480,ohc,four,110,idi,3.27,3.35,22.5,73,4500,30,33,10698
175,Maruti Wagon R AMT VXI,2015,390000,50000,Petrol,Individual,Automatic,Second Owner,20.51 kmpl,998 CC,67 bhp,90Nm@ 3500rpm,5,Volkswagen,9950,hatch,95,1.4,Petrol,yes,2010,Polo,176,-1,toyota,gas,std,four,hatchback,fwd,front,102.4,175.6,66.5,53.9,2414,ohc,four,122,mpfi,3.31,3.54,8.7,92,4200,27,32,9988
176,Hyundai i20 Magna 1.2,2016,550000,14000,Petrol,Individual,Manual,Second Owner,18.6 kmpl,1197 CC,81.83 bhp,114.7Nm@ 4000rpm,5,Toyota,24500,crossover,260,4.7,Gas,yes,2003,Land Cruiser 100,177,-1,toyota,gas,std,four,sedan,fwd,front,102.4,175.6,66.5,54.9,2414,ohc,four,122,mpfi,3.31,3.54,8.7,92,4200,27,32,10898
177,Maruti 800 Std,1999,40000,40000,Petrol,Individual,Manual,Second Owner,16.1 kmpl,796 CC,37 bhp,59Nm@ 2500rpm,4,Audi,51500,crossover,27,3,Diesel,yes,2013,Q7,178,-1,toyota,gas,std,four,hatchback,fwd,front,102.4,175.6,66.5,53.9,2458,ohc,four,122,mpfi,3.31,3.54,8.7,92,4200,27,32,11248
178,Maruti Ritz VDi,2010,220000,120000,Diesel,Individual,Manual,First Owner,21.1 kmpl,1248 CC,73.9 bhp,113Nm@ 4500rpm,5,Volkswagen,12900,van,290,1.9,Diesel,yes,2008,T5 (Transporter),179,3,toyota,gas,std,two,hatchback,rwd,front,102.9,183.5,67.7,52,2976,dohc,six,171,mpfi,3.27,3.35,9.3,161,5200,20,24,16558
179,Hyundai Grand i10 Magna,2015,425000,70000,Petrol,Individual,Manual,First Owner,18.9 kmpl,1197 CC,82 bhp,114Nm@ 4000rpm,5,Mercedes-Benz,8000,van,250,2.2,Diesel,yes,2006,Vito,180,3,toyota,gas,std,two,hatchback,rwd,front,102.9,183.5,67.7,52,3016,dohc,six,171,mpfi,3.27,3.35,9.3,161,5200,19,24,15998
180,Volkswagen Ameo 1.0 MPI Trendline,2019,480000,13000,Petrol,Individual,Manual,First Owner,19.44 kmpl,999 CC,75 bhp,95Nm@ 3000-4300rpm,5,Mitsubishi,8100,sedan,112,2.4,Petrol,yes,2007,Galant,181,-1,toyota,gas,std,four,sedan,rwd,front,104.5,187.8,66.5,54.1,3131,dohc,six,171,mpfi,3.27,3.35,9.2,156,5200,20,24,15690
181,Hyundai Grand i10 Sportz,2014,400000,60000,Petrol,Individual,Manual,Second Owner,18.9 kmpl,1197 CC,82 bhp,114Nm@ 4000rpm,5,Renault,10100,van,164,2,Diesel,yes,2012,Trafic,182,-1,toyota,gas,std,four,wagon,rwd,front,104.5,187.8,66.5,54.1,3151,dohc,six,161,mpfi,3.27,3.35,9.2,156,5200,19,24,15750
182,Maruti Swift Dzire VXI,2014,487000,35000,Petrol,Individual,Manual,First Owner,19.1 kmpl,1197 CC,85.8 bhp,114Nm@ 4000rpm,5,BMW,1900,sedan,300,2.5,Diesel,no,1997,5 Series,183,2,volkswagen,diesel,std,two,sedan,fwd,front,97.3,171.7,65.5,55.7,2261,ohc,four,97,idi,3.01,3.4,23,52,4800,37,46,7775
183,Hyundai Xcent 1.2 Kappa S,2016,386000,44000,Petrol,Individual,Manual,Second Owner,19.1 kmpl,1197 CC,82 bhp,114Nm@ 4000rpm,5,Renault,10800,van,187,2,Diesel,yes,2012,Trafic,184,2,volkswagen,gas,std,two,sedan,fwd,front,97.3,171.7,65.5,55.7,2209,ohc,four,109,mpfi,3.19,3.4,9,85,5250,27,34,7975
184,Honda City 1.5 EXI,2005,100000,120000,Petrol,Individual,Manual,Second Owner,13.0 kmpl,1493 CC,100 bhp,13.1kgm@ 4600rpm,5,Audi,8000,sedan,234,4.2,Gas,no,2004,A8,185,2,volkswagen,diesel,std,four,sedan,fwd,front,97.3,171.7,65.5,55.7,2264,ohc,four,97,idi,3.01,3.4,23,52,4800,37,46,7995
185,Toyota Corolla Altis Diesel D4DG,2010,300000,60000,Diesel,Individual,Manual,First Owner,21.43 kmpl,1364 CC,87.2 bhp,205Nm@ 1800-2800rpm,5,Mercedes-Benz,15300,other,120,2.6,Petrol,yes,2004,CLK 240,186,2,volkswagen,gas,std,four,sedan,fwd,front,97.3,171.7,65.5,55.7,2212,ohc,four,109,mpfi,3.19,3.4,9,85,5250,27,34,8195
186,Daewoo Matiz SD,2000,100000,60000,Petrol,Individual,Manual,First Owner,18.5 kmpl,796 CC,53 bhp,71Nm@ 3500rpm,5,Volkswagen,2350,hatch,182,1.9,Diesel,no,1998,Golf IV,187,2,volkswagen,gas,std,four,sedan,fwd,front,97.3,171.7,65.5,55.7,2275,ohc,four,109,mpfi,3.19,3.4,9,85,5250,27,34,8495
187,Toyota Fortuner 4x2 Manual,2014,1750000,30000,Diesel,Individual,Manual,Second Owner,13.0 kmpl,2982 CC,168.5 bhp,343Nm@ 1400-3400rpm,7,Volkswagen,23999,sedan,88,,Other,yes,2012,Passat CC,188,2,volkswagen,diesel,turbo,four,sedan,fwd,front,97.3,171.7,65.5,55.7,2319,ohc,four,97,idi,3.01,3.4,23,68,4500,37,42,9495
188,Mahindra KUV 100 mFALCON G80 K8,2016,450000,15000,Petrol,Individual,Manual,Second Owner,18.15 kmpl,1198 CC,82 bhp,115Nm@ 3500-3600rpm,6,BMW,38888,vagon,5,0.65,Other,yes,2015,I3,189,2,volkswagen,gas,std,four,sedan,fwd,front,97.3,171.7,65.5,55.7,2300,ohc,four,109,mpfi,3.19,3.4,10,100,5500,26,32,9995
189,Tata Zest Quadrajet 1.3 75PS XM,2017,490000,90000,Diesel,Individual,Manual,First Owner,22.95 kmpl,1248 CC,74 bhp,190Nm@ 1750-3000rpm,5,Mitsubishi,7300,hatch,126,,Other,yes,2004,Colt,190,3,volkswagen,gas,std,two,convertible,fwd,front,94.5,159.3,64.2,55.6,2254,ohc,four,109,mpfi,3.19,3.4,8.5,90,5500,24,29,11595
190,Honda City 1.5 S MT,2009,345000,47000,Petrol,Individual,Manual,Second Owner,17.0 kmpl,1497 CC,118 bhp,146Nm at 4800 rpm,5,Toyota,99999,crossover,0,4.5,Diesel,yes,2016,Land Cruiser 200,191,3,volkswagen,gas,std,two,hatchback,fwd,front,94.5,165.7,64,51.4,2221,ohc,four,109,mpfi,3.19,3.4,8.5,90,5500,24,29,9980
191,Maruti Zen LXI,2005,85000,90000,Petrol,Individual,Manual,First Owner,17.3 kmpl,993 CC,60 bhp,78Nm@ 4500rpm,5,Volkswagen,17650,sedan,110,1.8,Petrol,yes,2012,Passat B7,192,0,volkswagen,gas,std,four,sedan,fwd,front,100.4,180.2,66.9,55.1,2661,ohc,five,136,mpfi,3.19,3.4,8.5,110,5500,19,24,13295
192,Maruti Wagon R VXI BS IV with ABS,2010,215000,120600,Petrol,Individual,Manual,Second Owner,18.9 kmpl,998 CC,67.1 bhp,90Nm@ 3500rpm,5,Volkswagen,12999,van,237,2.5,Diesel,yes,2005,Multivan,193,0,volkswagen,diesel,turbo,four,sedan,fwd,front,100.4,180.2,66.9,55.1,2579,ohc,four,97,idi,3.01,3.4,23,68,4500,33,38,13845
193,Hyundai Verna Transform SX VTVT,2010,320000,100000,Petrol,Individual,Manual,Third Owner,16.2 kmpl,1599 CC,103.2 bhp,14.9 KGM at 3000 RPM,5,Mercedes-Benz,18500,other,90,1.8,Petrol,yes,2008,C-Class,194,0,volkswagen,gas,std,four,wagon,fwd,front,100.4,183.1,66.9,55.1,2563,ohc,four,109,mpfi,3.19,3.4,9,88,5500,25,31,12290
194,Maruti Swift Dzire VXI,2016,459999,60000,Petrol,Individual,Manual,Second Owner,20.85 kmpl,1197 CC,83.14 bhp,115Nm@ 4000rpm,5,Volkswagen,9200,sedan,195,2,Petrol,yes,2006,Passat B6,195,-2,volvo,gas,std,four,sedan,rwd,front,104.3,188.8,67.2,56.2,2912,ohc,four,141,mpfi,3.78,3.15,9.5,114,5400,23,28,12940
195,Hyundai Getz GLS,2005,65000,86000,Petrol,Individual,Manual,First Owner,15.3 kmpl,1341 CC,83 bhp,115Nm@ 3200rpm,5,Volkswagen,14500,sedan,1,1.6,Other,yes,2016,Polo,196,-1,volvo,gas,std,four,wagon,rwd,front,104.3,188.8,67.2,57.5,3034,ohc,four,141,mpfi,3.78,3.15,9.5,114,5400,23,28,13415
196,Hyundai Elite i20 Sportz Plus BSIV,2020,720000,5000,Petrol,Individual,Manual,First Owner,18.6 kmpl,1197 CC,81.86 bhp,117nm@ 4000rpm,5,Volkswagen,18000,vagon,18,1.6,Diesel,yes,2011,Passat B7,197,-2,volvo,gas,std,four,sedan,rwd,front,104.3,188.8,67.2,56.2,2935,ohc,four,141,mpfi,3.78,3.15,9.5,114,5400,24,28,15985
197,Maruti Ciaz 1.3 Alpha,2017,800000,37000,Diesel,Individual,Manual,First Owner,28.09 kmpl,1248 CC,88.5 bhp,200Nm@ 1750rpm,5,Mercedes-Benz,6800,van,250,1.7,Diesel,yes,2003,Vaneo,198,-1,volvo,gas,std,four,wagon,rwd,front,104.3,188.8,67.2,57.5,3042,ohc,four,141,mpfi,3.78,3.15,9.5,114,5400,24,28,16515
198,Tata Tigor 1.2 Revotron XZ,2019,520000,14000,Petrol,Individual,Manual,First Owner,20.3 kmpl,1199 CC,84 bhp,114Nm@ 3500rpm,5,BMW,20500,crossover,73,2,Petrol,yes,2011,X1,199,-2,volvo,gas,turbo,four,sedan,rwd,front,104.3,188.8,67.2,56.2,3045,ohc,four,130,mpfi,3.62,3.15,7.5,162,5100,17,22,18420
199,Maruti Ertiga VDI,2015,580000,70000,Diesel,Individual,Manual,First Owner,20.77 kmpl,1248 CC,88.76 bhp,200Nm@ 1750rpm,7,BMW,28000,other,100,5,Petrol,yes,2005,M5,200,-1,volvo,gas,turbo,four,wagon,rwd,front,104.3,188.8,67.2,57.5,3157,ohc,four,130,mpfi,3.62,3.15,7.5,162,5100,17,22,18950
200,Toyota Etios GD,2012,235000,120000,Diesel,Individual,Manual,First Owner,,,,,,Volkswagen,10650,van,130,2,Diesel,yes,2011,T5 (Transporter) ,201,-1,volvo,gas,std,four,sedan,rwd,front,109.1,188.8,68.9,55.5,2952,ohc,four,141,mpfi,3.78,3.15,9.5,114,5400,23,28,16845
201,Honda City i VTEC S,2015,600000,50000,Petrol,Individual,Manual,First Owner,17.4 kmpl,1497 CC,117.3 bhp,145Nm@ 4600rpm,5,Volkswagen,20300,other,30,1.4,Petrol,yes,2013,Scirocco,202,-1,volvo,gas,turbo,four,sedan,rwd,front,109.1,188.8,68.8,55.5,3049,ohc,four,141,mpfi,3.78,3.15,8.7,160,5300,19,25,19045
202,Honda Brio S MT,2014,290000,60000,Petrol,Individual,Manual,Second Owner,19.4 kmpl,1198 CC,86.8 bhp,109Nm@ 4500rpm,5,Volkswagen,3000,vagon,267,1.9,Diesel,no,1999,Passat B5,203,-1,volvo,gas,std,four,sedan,rwd,front,109.1,188.8,68.9,55.5,3012,ohcv,six,173,mpfi,3.58,2.87,8.8,134,5500,18,23,21485
203,Maruti Wagon R LXI CNG,2016,360000,50000,CNG,Individual,Manual,First Owner,26.6 km/kg,998 CC,58.16 bhp,77Nm@ 3500rpm,5,Toyota,25250,crossover,112,4.5,Gas,yes,2007,Land Cruiser 100,204,-1,volvo,diesel,turbo,four,sedan,rwd,front,109.1,188.8,68.9,55.5,3217,ohc,six,145,idi,3.01,3.4,23,106,4800,26,27,22470
204,Maruti Swift Dzire VXI,2017,550000,50000,Petrol,Individual,Manual,First Owner,20.85 kmpl,1197 CC,83.14 bhp,115Nm@ 4000rpm,5,Mitsubishi,1389,hatch,245,1.3,Petrol,no,1996,Colt,205,-1,volvo,gas,turbo,four,sedan,rwd,front,109.1,188.8,68.9,55.5,3062,ohc,four,141,mpfi,3.78,3.15,9.5,114,5400,19,25,22625
